{"num__A_PARA": [0.9515371110268168, 0.9470811437554475, 0.944078834066263, 0.9442144973127115, 0.9440339041835397, 0.943642594231213, 0.9439665155592694, 0.9433625384720613, 0.9433083296464901, 0.942656140242069, 0.9427637520519437, 0.9428334902591623, 0.9430827520644354, 0.9429973879933508, 0.942719655056229, 0.9427775078223783, 0.9425647332727988, 0.9423648685688808, 0.9425498275038473, 0.9426651774048432], "num__A_GESTA": [0.9384422549017747, 0.8579425018569266, 0.866466187715151, 0.8658250080732559, 0.8432439826530217, 0.851461424917542, 0.8356367147323566, 0.8347151322555327, 0.8227967282400682, 0.821147313889648, 0.8203276743193092, 0.8307973059224957, 0.8302940188439342, 0.8310022952971193, 0.8252188800401541, 0.8308325603817851, 0.8362892100795284, 0.8357607613438512, 0.8305402064024472, 0.8219324877857096], "num__EUTOCITO_ANTERIOR": [0.9649200410654901, 0.9649217490875982, 0.9674891300756666, 0.9678735146758217, 0.9674069387050195, 0.9678330184648402, 0.9678259261896551, 0.9684489831236482, 0.9683985281286802, 0.968675832327071, 0.9688157853312971, 0.9688251081186139, 0.9687551707057023, 0.9687169441036181, 0.9687512526008908, 0.9687044699567219, 0.9688118589222074, 0.9688385930337533, 0.9688176062918747, 0.9686621007935893], "num__CESARIANAS_ANTERIOR": [0.9575604640552982, 0.9595773512551652, 0.9574980118454749, 0.9583874346054099, 0.9581606036048202, 0.957366307760315, 0.9576165790734182, 0.9570009127597142, 0.9574086718687724, 0.9575653000736604, 0.9573899842554531, 0.9576205364883625, 0.9578975882154676, 0.958125216389013, 0.9579158481421097, 0.9578831775628374, 0.9574303821326213, 0.9574758138669257, 0.9577839085915305, 0.9577739421054527], "num__IDADE_MATERNA": [0.6624110224965445, 0.6588143314671712, 0.6590207669140499, 0.6596302933002178, 0.6600197003326101, 0.6597474711904703, 0.6589903034920064, 0.6579538165988855, 0.6578684867224277, 0.6571661942831991, 0.6567371308082839, 0.65667391837756, 0.6572414332654414, 0.6573884975979899, 0.6573316518357787, 0.6573584834314112, 0.6574084394275368, 0.6571719515931873, 0.6571736979868583, 0.6568541971061177], "num__PESO_INICIAL": [0.8820972005999751, 0.8835603037544976, 0.8836170640815465, 0.8823788243606551, 0.8820454421540797, 0.8818458282599946, 0.8822935188573661, 0.8817379967737954, 0.8819388996734082, 0.8818934723430455, 0.8819634119547852, 0.8822224521856197, 0.8825563072132914, 0.882438881648785, 0.8824897052440646, 0.8824778409531214, 0.8824357920627536, 0.8823953809606325, 0.8820472644119742, 0.8818719047829381], "num__IMC": [0.8834473568040536, 0.8855414637027886, 0.8847776699217276, 0.8853728383890197, 0.8857478792866572, 0.8852726681342263, 0.8851349411604899, 0.8850887528564343, 0.8852834021092898, 0.8856235859303562, 0.8859152118047634, 0.8860789404815916, 0.88628336746413, 0.8860425746544314, 0.885559752431746, 0.8855712485183919, 0.885656715126732, 0.8856602131642547, 0.8857709773626729, 0.885652362093722], "num__NUMERO_CONSULTAS_PRE_NATAL": [0.775943344875683, 0.7793381409558479, 0.7755148208803887, 0.7750151771128726, 0.7748603607249506, 0.7747460746244322, 0.7735437160036304, 0.7731059197141311, 0.7734392421976931, 0.773573730822304, 0.7738402096245766, 0.7737665917647915, 0.7733278440876518, 0.7732217145230414, 0.7737383097668508, 0.7737120588941303, 0.7736346552571126, 0.7731942977421408, 0.7733572792437231, 0.7735801748048073], "num__IDADE_GESTACIONAL_ADMISSAO": [0.9683552978788984, 0.9682689569851971, 0.9688772750011712, 0.9687617737814991, 0.9696520377986713, 0.9695335006501922, 0.9697268127126314, 0.9697849881373536, 0.9698869487256551, 0.9699908924454248, 0.9701239753878689, 0.9702023496811365, 0.9701148372459373, 0.970224633924133, 0.9702747385282775, 0.9703874762463448, 0.9705156867104998, 0.9704086790251308, 0.9702305494361646, 0.9701909730102968], "num__SEMANAS_GESTACAO_PARTO": [0.973590707018925, 0.9745110977764062, 0.9746814983484301, 0.9746163394885201, 0.9740601423600014, 0.9741364757881259, 0.9741580433548521, 0.9734469467075595, 0.9734511371621378, 0.973310772631338, 0.9732180872243282, 0.9733420894170726, 0.9731445245297768, 0.9731931703124833, 0.9732358515562828, 0.9733989316323756, 0.9734690096632269, 0.9733003827508679, 0.9732912787045652, 0.9731737927741072], "num__VENTOSAS_ANTERIOR": [0.9731737927741072, 0.9731737927741072, 0.9731737927741072, 0.9731737927741072, 0.9731737927741072, 0.9731737927741072, 0.9731737927741072, 0.9731737927741072, 0.9731737927741072, 0.9731737927741072, 0.9731737927741072, 0.9731737927741072, 0.9731737927741072, 0.9731737927741072, 0.9731737927741072, 0.9731737927741072, 0.9731737927741072, 0.9731737927741072, 0.9731737927741072, 0.9731737927741072], "cat__APRESENTACAO_ADMISSAO": [0.6865568707633257, 0.7324884762681391, 0.7433531443601858, 0.7502961309726918, 0.7601620978548829, 0.7603398974394615, 0.7504808799129504, 0.7559510286366657, 0.7508772624903726, 0.7572695760389135, 0.7462363243865353, 0.7465553463509208, 0.7527662214635759, 0.75609695507191, 0.7548712913387962, 0.7498561510742798, 0.7530541571519096, 0.7531554851086123, 0.7538510076859967, 0.7553813831308764], "cat__silo": [0.8915012209632815, 0.8930292478916007, 0.8921998178818288, 0.8909011446023468, 0.8907764889112761, 0.8910468439749414, 0.8908871586019921, 0.8900034731520563, 0.8895088615226767, 0.8893954476566631, 0.8897616406334034, 0.8894770829459449, 0.889169943003663, 0.8890672146097245, 0.8893722651441757, 0.8896607511721863, 0.8894862250736018, 0.8896219933145242, 0.8897819010923295, 0.8895867986668227], "cat__GS": [0.49659414496534626, 0.5223130902944388, 0.5227036225091709, 0.517175773316449, 0.5156597471628902, 0.515475746391915, 0.5145929244199181, 0.539216374375152, 0.5348916706717953, 0.531984001222311, 0.530041151380544, 0.5283122439162468, 0.5359082871974649, 0.5345300990276659, 0.5334150379021493, 0.5318023432732562, 0.5303917561986147, 0.5293632300594863, 0.5342051164148105, 0.5327115759739525], "cat__VIGIADA_CENTRO_SAUDE": [0.7858258530306191, 0.7864012677547019, 0.7916118010634381, 0.791125187432927, 0.7898948560869705, 0.7893627801839925, 0.7891020379986015, 0.7884665522608093, 0.7881552813160804, 0.7884616993504016, 0.7890815836838025, 0.7888140073458683, 0.7888126419521776, 0.7878793732640916, 0.787961148535174, 0.7876598337709795, 0.7877780509050019, 0.7876969982136344, 0.7882615379241462, 0.7885916414304228], "cat__GRUPO_ROBSON": [0.9213635589729406, 0.9176413007430226, 0.9194297141889772, 0.9214687396245668, 0.926635295736964, 0.9296785975301053, 0.9307573566940974, 0.9303744806480875, 0.9293554734095747, 0.9283449590562113, 0.9288513812755451, 0.9291853239699374, 0.9293737984465609, 0.9303397549354365, 0.928750245598867, 0.9286235359644043, 0.9286737007398969, 0.9280939747819008, 0.9281632685058919, 0.9272562800420644], "cat__VIGIADA": [0.9795645227154739, 0.9533285779503258, 0.9463067305578319, 0.9444103661711787, 0.9532384469302018, 0.9516731063212504, 0.9572736535426274, 0.9544439187394115, 0.9542959235871414, 0.958126031100283, 0.9614653856229488, 0.9590915566868355, 0.957328835696488, 0.9598528980466833, 0.9591818782251722, 0.9582766062241952, 0.9602998306183601, 0.9618360208509797, 0.9635178718259014, 0.9650096020374319], "cat__VIGIADA_NESTE_HOSPITAL": [0.8958550635065035, 0.8939076443072661, 0.8947683707325585, 0.8940866232057965, 0.8938427359857118, 0.8937878190838712, 0.8935875137066014, 0.8941865073272093, 0.8944303992079908, 0.89534401189304, 0.894871026667915, 0.8949304666354443, 0.8953773614745726, 0.8955650219837974, 0.8955106494334506, 0.8951352996494902, 0.8950503186012118, 0.8952364715116046, 0.8956592386690376, 0.8956426656399806],