{"A_PARA": [0.9520787977406202, 0.9472699575239769, 0.9444366238044312, 0.9447325157358184, 0.9446804249413985, 0.9441420514890548, 0.944380300096814, 0.9437724912182197, 0.9437488503998934, 0.9430115442054503, 0.9430693529701146, 0.9431977578724581, 0.9434136181889976, 0.9432806536456381, 0.943005571431792, 0.9430333294575336, 0.9427933880607132, 0.9426370327826737, 0.9427966390834094, 0.9430087576372594], "A_GESTA": [0.9417243735217324, 0.8602522758776997, 0.8340306331113153, 0.8159232846181571, 0.8042039696039661, 0.794301069403469, 0.7871432117465688, 0.7919042844808969, 0.7852181189460268, 0.7770087775177493, 0.7705829882538991, 0.7661664239811357, 0.7657491972416239, 0.76983768713804, 0.7683020339568968, 0.7763346628136937, 0.7841564257272543, 0.7863669906907521, 0.7837662400847215, 0.7795013644994935], "EUTOCITO_ANTERIOR": [0.9662905925463718, 0.9663686034510447, 0.9684358186681117, 0.9692432184973876, 0.9678015903153984, 0.9683940424913701, 0.9679366213108027, 0.9685643150541462, 0.9685491787692981, 0.9688139408669556, 0.9690162432932312, 0.9689793276410373, 0.9690532073787557, 0.9690567489486661, 0.9690593860934335, 0.9689655712097212, 0.9689471678910405, 0.969161021283005, 0.9691474885699634, 0.9690039702497147], "CESARIANAS_ANTERIOR": [0.9573674539522621, 0.9599266896154592, 0.958267994377607, 0.9590037460717612, 0.958209172794105, 0.9569840575908422, 0.9572408756544489, 0.9567137814192542, 0.9573081245403778, 0.9576015175149111, 0.957381703273481, 0.9574762361882971, 0.9579189720638374, 0.9583052685236252, 0.9581910556718383, 0.958227159640151, 0.9577838026089995, 0.9578183875025396, 0.9580376205471233, 0.9579681395020401], "IDADE_MATERNA": [0.633003965880289, 0.6363284636476486, 0.6373491994022501, 0.6378862218982765, 0.636673558109839, 0.6373645713669418, 0.6374466192149735, 0.6381140195608322, 0.6380936618498849, 0.6382137567123601, 0.6385148964057423, 0.6384466674436479, 0.6379330953479634, 0.6382291215465011, 0.6378992516149952, 0.6380757423754047, 0.6378978244645479, 0.6377661855276825, 0.6379225848157548, 0.6382066944633101], "PESO_INICIAL": [0.8817588636289442, 0.8824833044825258, 0.8825371036755056, 0.8826209931505131, 0.8814948394624231, 0.8807876512222128, 0.8807354027538414, 0.8804158248417002, 0.8799597498388685, 0.8799653326334145, 0.8801134591455362, 0.8803242630419541, 0.8797666551222301, 0.8796378139861261, 0.879371973607693, 0.879445520765555, 0.879529853743451, 0.8798193909902594, 0.8801007470873877, 0.8803022195365531], "IMC": [0.8813977886936296, 0.8806548905127135, 0.8804986136417087, 0.8797712318059968, 0.879877890723396, 0.8813582900658682, 0.881629952554996, 0.8816151512815849, 0.8813704676108202, 0.8816441056532547, 0.8817701787794814, 0.8818826414512344, 0.8820732335787316, 0.8819315836574446, 0.8819736050242589, 0.8821592654654363, 0.8819566663413287, 0.881780558763604, 0.8817740446325668, 0.8816318136924206], "NUMERO_CONSULTAS_PRE_NATAL": [0.7491922775307215, 0.750770364178674, 0.7502137217440159, 0.7486718705297072, 0.7502877686819851, 0.7490880420054558, 0.7486560254625942, 0.7487818212964071, 0.7497089131060651, 0.7500549680482715, 0.7500964183756423, 0.7504471997145421, 0.7504440031646527, 0.7506359963395433, 0.7505534835233576, 0.7502306852372858, 0.7501094839084832, 0.7500290983418059, 0.7499169730154076, 0.7499231785703193], "IDADE_GESTACIONAL_ADMISSAO": [0.9673016704475661, 0.9681943971980396, 0.9671576960879967, 0.9679578235670598, 0.9681476210719134, 0.9682354170370827, 0.9685155040490347, 0.9686804121388646, 0.9684510630132378, 0.9687480632258902, 0.9686321046041824, 0.9686857114593567, 0.9686615436382681, 0.9687062024145975, 0.9688291157381581, 0.968919420259175, 0.9689909006602322, 0.9688997344206068, 0.9687485219194821, 0.9687964250091671], "SEMANAS_GESTACAO_PARTO": [0.9716142372938508, 0.9734863267331413, 0.9739669785284237, 0.973490635031855, 0.9738869405858537, 0.9738450953347424, 0.9737111558366394, 0.9736947779898892, 0.9737733823127842, 0.9740578694327965, 0.9739314106608044, 0.974051283973739, 0.9741441071880897, 0.9740794287006782, 0.973958017150237, 0.9740188977398334, 0.9739639305129237, 0.9740989397771138, 0.974169839480955, 0.9740910180626644], "VENTOSAS_ANTERIOR": [0.9740910180626644, 0.9740910180626644, 0.9740910180626644, 0.9740910180626644, 0.9740910180626644, 0.9740910180626644, 0.9740910180626644, 0.9740910180626644, 0.9740910180626644, 0.9740910180626644, 0.9740910180626644, 0.9740910180626644, 0.9740910180626644, 0.9740910180626644, 0.9740910180626644, 0.9740910180626644, 0.9740910180626644, 0.9740910180626644, 0.9740910180626644, 0.9740910180626644], "TIPO_GRAVIDEZ": [0.7293875807589005, 0.7415838939695266, 0.7400777549295385, 0.7319997243244798, 0.7318959608650574, 0.7335554044214474, 0.7248796760857282, 0.7225690567650707, 0.7255505423996782, 0.7220035256313625, 0.7232327878763783, 0.7252821696122727, 0.7284711862843941, 0.7284161071314872, 0.7249135661635361, 0.7246661684037746, 0.7261216244354961, 0.7246473346119063, 0.7253483953713419, 0.7252185151233265], "VIGIADA_NESTE_HOSPITAL": [0.8903872965050479, 0.8931675707520812, 0.8924321439086353, 0.8936168033986936, 0.894118313021841, 0.8945294232465688, 0.8928237805490087, 0.8942501627296808, 0.8940473952316954, 0.8944417032346493, 0.8936727004746644, 0.8939997811060619, 0.8948029938762369, 0.894461280665253, 0.8948961221142882, 0.8944961197741896, 0.8947892052296305, 0.8946169719393112, 0.8952508557733476, 0.8953719739847411], "TRAB_PARTO_ENTRADA_ESPONTANEO": [0.8152542554207032, 0.8111961933151897, 0.8115749738524621, 0.8136399382800038, 0.8140338365502626, 0.8146354082685032, 0.8152757367395425, 0.8153386465504132, 0.8156046510081275, 0.8161497089019438, 0.8168404848114462, 0.8165606743449849, 0.8163921939749651, 0.8168261965592138, 0.8174989545168583, 0.8176654066202195, 0.8174798526539122, 0.8169585259399154, 0.8170348492298487, 0.8164574996754206], "APRESENTACAO_ADMISSAO": [0.6861933822221647, 0.7407116755339473, 0.7490776910435261, 0.7542880916307882, 0.7631904897304915, 0.7629788985641188, 0.7527053758764276, 0.7574169549355785, 0.7523633971165672, 0.7586837539540875, 0.7459500420329618, 0.7480555051590311, 0.754335556750572, 0.7577646655970736, 0.7563933607195549, 0.7512808501883288, 0.7544392122245484, 0.7543901850106556, 0.7550001868218147, 0.7565169010135275], "GRUPO_ROBSON": [0.9292481411515205, 0.9259365578331262, 0.9273842961866346, 0.9298376712192064, 0.9334715926972301, 0.9323760581831475, 0.932361744450505, 0.9320385472130309, 0.9310584828386798, 0.9309099432623, 0.9306164713198711, 0.9305409240573979, 0.9314206022496608, 0.9322098801551053, 0.9307690076487766, 0.9311182678862884, 0.9315214436381378, 0.9312565388451076, 0.9306370014620362, 0.9302866583510029], "VIGIADA": [0.9782256949668057, 0.9830198897256368, 0.9820798090136872, 0.982916422858515, 0.9821438216640714, 0.9828407860658225, 0.9827922222398853, 0.9829228090036091, 0.983003069552383, 0.9837334027998528, 0.9842296819724379, 0.9831090664134301, 0.9820934402482041, 0.9825651521523422, 0.9827990736000598, 0.9830430428425823, 0.9834096615146677, 0.983365246149581, 0.9838082236939472, 0.9841089817095405], "TIPO_PARTO": [0.8730956086412465, 0.8714990862547428, 0.8746911697989147, 0.8663804791994076, 0.8688915017854029, 0.8640940517573851, 0.8608882711609942, 0.8631029360815602, 0.8647345996656269, 0.8655413466106134, 0.8649273125211525, 0.8653933298392523, 0.8662939349234606, 0.8652143903382989, 0.8653347506936087, 0.8658302986934172, 0.8659085789149588, 0.8657213589573958, 0.8657379840847582, 0.8662816140590426], "VIGIADA_CENTRO_SAUDE": [0.7848418287273604, 0.7883853542635055, 0.7930939156126411, 0.7928004064141596, 0.7916072932432626, 0.7903069990592213, 0.7904068625753409, 0.7900581591331338, 0.7902648276345695, 0.7901039750952875, 0.7908993850369408, 0.7906639236651536, 0.7908778386058508, 0.7899649813189032, 0.7901571040107956, 0.7894124123154003, 0.7895539267429494, 0.7894366154560811, 0.7901580809347213, 0.7903923313506618],